{
    "6284444968": {
        "time": 500,
        "concurrent": 20,
        "vip": true,
        "expire": "2025-05-27T08:37:30.900650",
        "banned": false,
        "bypass_blacklist": true,
        "cooldown": 0,
        "last_attack": "2024-07-22T14:50:51.837187"
    },
    "6461245838": {
        "time": 60,
        "concurrent": 1,
        "vip": true,
        "expire": "2024-08-21T05:09:03.306181",
        "banned": false,
        "bypass_blacklist": true,
        "cooldown": 5,
        "last_attack": null
    },
    "5518087496": {
        "time": 60,
        "concurrent": 1,
        "vip": true,
        "expire": "2024-08-21T12:42:05.029396",
        "banned": false,
        "bypass_blacklist": false,
        "cooldown": 5,
        "last_attack": "2024-07-22T14:53:18.161661"
    }
}